,ads_id,title,description,user_id
0,90001,Temporibus,Odio explicabo unde magni dolo,80053
1,90002,Porro sit ,Nam culpa accusantium nihil sa,80068
2,90003,Molestias ,Inventore nemo quis dolores ar,80062
3,90004,Voluptates,Molestias debitis hic labore s,80015
4,90005,Eius quas ,At occaecati laboriosam qui ad,80097
5,90006,Sequi inve,Molestias beatae porro dolores,80005
6,90007,Repudianda,Similique necessitatibus volup,80068
7,90008,Incidunt m,Libero accusantium voluptatibu,80012
8,90009,Id occaeca,A dolorum quos numquam odit di,80087
9,90010,Veritatis ,Aliquid officia aliquam incidu,80078
10,90011,Aliquid te,Architecto ipsa possimus repel,80076
11,90012,Quisquam e,Vero veritatis labore doloremq,80057
12,90013,Accusantiu,Fugiat nam similique quibusdam,80017
13,90014,Numquam do,Eius nemo repellat doloribus e,80025
14,90015,Molestias ,Consectetur optio nihil repudi,80030
15,90016,Ab possimu,Quas in aperiam possimus. Enim,80022
16,90017,Voluptates,Praesentium repellendus vel re,80026
17,90018,Laudantium,Adipisci ex occaecati laborios,80081
18,90019,A sapiente,Vel placeat quisquam tenetur e,80061
19,90020,Veritatis ,Eaque inventore laudantium odi,80062
20,90021,Ratione de,Et numquam ipsa quam pariatur ,80084
21,90022,Nam verita,Dignissimos odio commodi sint ,80034
22,90023,Veritatis ,Maxime perspiciatis esse nesci,80033
23,90024,Necessitat,Debitis quis ratione pariatur.,80071
24,90025,Minima vol,Magni at voluptas expedita sus,80086
25,90026,Deserunt s,Quos asperiores voluptatibus i,80032
26,90027,Provident ,Nostrum quae animi porro eveni,80014
27,90028,Molestiae ,Cum cum architecto ex voluptas,80072
28,90029,Voluptatem,Perspiciatis eaque odio a nost,80057
29,90030,Accusantiu,"Architecto quisquam neque.
Omn",80025
30,90031,Rerum ad u,"Dicta architecto eos iusto.
Ip",80080
31,90032,Nisi quasi,Recusandae ex sed facilis. Imp,80042
32,90033,Suscipit s,At facilis dolores dolore enim,80019
33,90034,Earum vita,Illo voluptates unde nam corpo,80041
34,90035,Voluptatem,Sequi quo dolore dolorum nulla,80055
35,90036,Nihil quos,Fugiat dignissimos aliquam occ,80080
36,90037,Eaque vel ,Voluptatum id in at. Praesenti,80012
37,90038,Dolorum do,Velit iure aliquam dolorem quo,80039
38,90039,Non libero,Natus repudiandae numquam quia,80094
39,90040,Beatae qua,Ipsum architecto sequi quo. Qu,80002
40,90041,Tempore es,Laborum deleniti sapiente sequ,80096
41,90042,Saepe volu,Pariatur modi numquam. Non dol,80045
42,90043,Atque qui ,Earum sint quas distinctio con,80089
43,90044,Dolores ex,Consequatur eveniet minima. Pr,80025
44,90045,Cumque del,Dolore aperiam ducimus laborum,80068
45,90046,Reprehende,Autem veritatis perferendis te,80083
46,90047,Nesciunt u,Odit alias voluptates repellat,80004
47,90048,Autem beat,Quod perspiciatis provident qu,80077
48,90049,Neque cumq,Magni ab assumenda doloremque ,80036
49,90050,Voluptatem,Labore ut rerum quod neque tot,80087
50,90051,Pariatur a,Ex aut nulla. Culpa quod animi,80062
51,90052,Impedit oc,Nisi voluptatem labore autem o,80070
52,90053,Labore quo,Qui voluptate pariatur consequ,80088
53,90054,Dolorem no,Tempora iusto ea praesentium a,80044
54,90055,Praesentiu,Omnis unde blanditiis rerum re,80033
55,90056,Sapiente t,Architecto iusto perferendis i,80012
56,90057,Illo repre,Amet molestiae molestiae adipi,80085
57,90058,Dolores po,Reiciendis repudiandae sit inc,80011
58,90059,Dolores ni,Voluptate eligendi deserunt la,80055
59,90060,Sunt tempo,Harum numquam ipsum ad magni. ,80038
60,90061,Nam unde v,Ipsa rem ipsum minus quos in i,80029
61,90062,Iste sequi,Blanditiis repellendus digniss,80003
62,90063,Alias volu,Earum tempora at id magni. Ita,80028
63,90064,Illo fugit,Aliquam facere quasi ad. Eum n,80084
64,90065,Veritatis ,Perspiciatis sunt labore a nam,80090
65,90066,Non minus ,Reiciendis sunt placeat aperia,80024
66,90067,Dolorem qu,"Beatae ut natus voluptatum.
At",80054
67,90068,Non consec,Voluptate accusamus aperiam ab,80052
68,90069,Quod facil,Minima minima error doloribus ,80047
69,90070,Rerum alia,Laudantium eligendi cupiditate,80021
