ads_id,title,description,user_id,date_created
90001,Sed quisqu,Veniam iure quos aliquam asper,80038,2021-05-03
90002,Rerum pari,Saepe doloribus expedita sit v,80141,2023-07-02
90003,Itaque ear,Eaque enim reiciendis ex corru,80073,2020-02-16
90004,Exercitati,Aut ratione labore repellendus,80138,2022-02-12
90005,Qui commod,Asperiores asperiores laudanti,80134,2022-03-22
90006,Repellat n,Molestias vitae voluptatibus q,80080,2022-12-13
90007,Quos fugia,Adipisci officia pariatur haru,80193,2021-03-29
90008,Aut offici,Quasi vel dolor ex ex. Amet ac,80145,2021-06-23
90009,Repellat i,Sequi nulla delectus dolor at ,80130,2021-05-27
90010,Quod place,Deleniti expedita dolores mini,80072,2022-07-21
90011,Nam tenetu,Molestiae quam omnis est labor,80135,2022-03-04
90012,Eaque tota,Consectetur consectetur eum. C,80026,2020-04-08
90013,Cupiditate,Nihil perspiciatis tempore lau,80179,2023-09-29
90014,Molestiae ,Nihil itaque autem vel deserun,80021,2023-04-17
90015,Illum occa,Esse repellendus optio fugiat ,80102,2022-06-17
90016,Iusto nam ,Incidunt sint ad ea aperiam ea,80147,2019-11-26
90017,Quaerat es,Itaque aliquid ducimus minus e,80140,2024-05-19
90018,Eum fugit ,Consequuntur dicta reiciendis ,80157,2023-04-06
90019,Quia quam ,Consequatur vitae magnam. Veli,80158,2020-07-21
90020,Quos vero ,Deleniti aliquam officiis mole,80143,2022-08-25
90021,Ullam reic,Alias ea adipisci. Laboriosam ,80051,2023-03-10
90022,Officia cu,Nostrum eligendi voluptate dol,80069,2021-12-21
90023,Vero possi,Quidem facere optio ipsa dolor,80097,2022-06-19
90024,Fugit iure,Recusandae amet laudantium por,80087,2020-02-14
90025,Incidunt v,Doloribus perferendis voluptas,80142,2020-01-30
90026,Totam rati,Nobis atque dicta hic molestia,80138,2022-02-08
90027,Debitis qu,Quas reiciendis sapiente repre,80008,2024-04-09
90028,Eius numqu,Aspernatur similique vitae vel,80064,2023-07-05
90029,Illo persp,Necessitatibus mollitia maiore,80062,2024-04-19
90030,Earum pari,Ullam porro ex consequuntur to,80023,2021-03-18
90031,Sit blandi,Itaque necessitatibus voluptat,80058,2019-11-07
90032,Quaerat au,Ipsa hic necessitatibus. Nulla,80002,2024-06-03
90033,Voluptatem,Libero distinctio saepe porro.,80129,2022-03-23
90034,Nisi volup,Tempora iusto quisquam minima.,80061,2021-08-19
90035,Ratione an,Ab possimus accusamus totam ip,80009,2022-04-13
90036,Beatae ips,Rem magnam earum. Dignissimos ,80142,2020-01-12
90037,Atque pers,Enim corporis neque non molest,80116,2021-08-17
90038,Nemo beata,Magnam sequi quaerat. Soluta p,80176,2023-10-31
90039,Doloremque,Nemo deleniti voluptatem provi,80122,2024-10-13
90040,Dolor ut a,Ipsa quasi ut corporis facilis,80031,2021-01-09
90041,Molestiae ,Nisi est neque facere. Blandit,80072,2022-08-02
90042,Non dolore,Culpa perferendis sapiente ani,80132,2023-10-06
90043,Odit beata,Fugiat amet amet quis soluta s,80199,2021-08-14
90044,Rerum corr,Adipisci rem distinctio volupt,80150,2021-02-07
90045,Asperiores,Occaecati cum distinctio accus,80050,2024-10-25
90046,Officiis q,Doloribus cupiditate quisquam ,80058,2019-11-17
90047,Temporibus,Vel quod debitis quisquam prov,80004,2022-09-01
90048,Laborum ma,Rem iure sit libero molestiae ,80197,2023-11-16
90049,Iusto labo,Culpa laborum fugiat suscipit ,80025,2024-04-23
90050,Debitis te,Eaque quam illum dolorum. Eum ,80044,2021-04-21
90051,Sapiente e,Quasi voluptatem esse repellen,80077,2022-09-15
90052,Accusamus ,Natus laboriosam eos totam quo,80027,2023-11-07
90053,Ab officii,Natus beatae eligendi dignissi,80053,2024-08-05
90054,Nisi accus,Veniam laboriosam officia illo,80081,2023-10-14
90055,Quae labor,Est eius nam iste odit quod. M,80110,2024-07-17
90056,Consectetu,Neque praesentium consequatur ,80116,2021-08-10
90057,Inventore ,Molestias rerum ratione repudi,80042,2023-09-27
90058,Eligendi o,"Voluptatum omnis unde.
Sed inc",80016,2020-04-02
90059,Nostrum el,Nemo sed similique. Laborum ex,80065,2021-01-05
90060,Ipsa maior,Repellat mollitia numquam ad d,80197,2023-12-03
90061,Eaque atqu,Quo vel ipsa voluptas accusant,80026,2020-04-16
90062,Odio praes,Necessitatibus nemo ea nisi as,80112,2020-12-20
90063,Inventore ,Fugit commodi dolorum cupidita,80136,2022-04-02
90064,Consequunt,Tenetur nulla incidunt sapient,80027,2023-10-18
90065,Soluta lau,Delectus ipsum officia deserun,80154,2023-07-27
90066,Optio sed ,Minima explicabo voluptas repe,80105,2022-09-12
90067,Saepe magn,Repellat architecto repudianda,80023,2021-03-22
90068,Quos animi,Itaque deleniti reprehenderit ,80010,2021-09-01
90069,Officia in,Culpa atque voluptate officiis,80196,2022-09-16
90070,Iure archi,Alias a odit fugiat exercitati,80127,2021-07-14
